{"cameraMode":{"drawMode":0,"name":"Shaded","section":"Shading Mode"},"sceneLighting":true,"audioPlay":false,"sceneViewState":{"m_AlwaysRefresh":false,"showFog":true,"showSkybox":true,"showFlares":true,"showImageEffects":true,"showParticleSystems":true,"showVisualEffectGraphs":true,"m_FxEnabled":true},"in2DMode":false,"pivot":{"x":87.5938491821289,"y":80.44120788574219,"z":-196.71987915039063},"rotation":{"x":0.16653499007225038,"y":-0.20252738893032075,"z":0.03497370332479477,"w":0.9643779993057251},"size":11.802434921264649,"orthographic":true}