{"cameraMode":{"drawMode":0,"name":"Shaded","section":"Shading Mode"},"sceneLighting":true,"audioPlay":false,"sceneViewState":{"m_AlwaysRefresh":false,"showFog":true,"showSkybox":true,"showFlares":true,"showImageEffects":true,"showParticleSystems":true,"showVisualEffectGraphs":true,"m_FxEnabled":true},"in2DMode":false,"pivot":{"x":-119.79277038574219,"y":-55.26185607910156,"z":179.20339965820313},"rotation":{"x":0.12568016350269319,"y":-0.2943698465824127,"z":0.03908413648605347,"w":0.9465862512588501},"size":134.55679321289063,"orthographic":false}